"","SPECIES","Kipuka","Area_ha","Elevation_m","Rat_Removal","DATE","OBSERVER","Year","tot.arth.bm","dietary.grouping","foraging.ht.m"
"1","JAWE","K13",0.1,1575,"treated","1/28/12","JK",2012,1.159594176,"frugivore",2.24499499995455
"2","HAAM","K13",0.1,1575,"treated","1/23/12","NF",2012,1.159594176,"insectivore",2.74499499872026
"3","IIWI","K5",10.54,1632,"treated","1/22/12","WK",2012,149.6315517,"nectarivore",4.15496800119092
"4","HAAM","K5",10.54,1632,"treated","1/22/12","WK",2012,149.6315517,"insectivore",4.65496799824636
"5","APAP","K5",10.54,1632,"treated","1/22/12","WK",2012,149.6315517,"nectarivore",5.15496800059702
"6","APAP","K36",0.19,1757,"treated","1/20/12","JK",2012,0.240574423,"nectarivore",5.5700070018331
"7","APAP","K12",0.18,1584,"treated","1/28/12","JK",2012,0.808599359,"nectarivore",5.70001199942176
"8","APAP","K24",0.1,1569,"treated","1/28/12","JK",2012,9.211205494,"nectarivore",5.79504349864027
"9","APAP","K36",0.19,1757,"treated","1/20/12","JK",2012,0.240574423,"nectarivore",6.0700069982806
"10","APAP","K36",0.19,1757,"treated","1/20/12","JK",2012,0.240574423,"nectarivore",6.0700069982806
"11","APAP","K39",0.09,1739,"untreated","","ACB",2013,1.206071393,"nectarivore",6.11999500287372
"12","APAP","K28",0.09,1549,"untreated","6/1/13","ACB",2013,9.468920314,"nectarivore",6.29498250309504
"13","APAP","K34",0.22,1735,"treated","5/24/13","ZFM",2013,3.676080294,"nectarivore",6.30499250073101
"14","APAP","K36",0.19,1757,"treated","5/27/13","ACB",2013,0.240574423,"nectarivore",6.52000700288434
"15","HAAM","K34",0.22,1735,"treated","5/24/13","ZFM",2013,3.676080294,"insectivore",6.67999250137987
"16","APAP","K34",0.22,1735,"treated","5/24/13","ZFM",2013,3.676080294,"nectarivore",6.8049925001903
"17","APAP","K10",1.88,1679,"untreated","5/25/13","ACB",2013,1.12304401,"nectarivore",6.80999749963118
"18","APAP","K30",0.74,1726,"treated","6/3/13","ACB",2013,1.129063368,"nectarivore",7.14001449884506
"19","HAAM","K10",1.88,1679,"untreated","5/25/13","ACB",2013,1.12304401,"insectivore",7.30999750172249
"20","HAAM","K36",0.19,1757,"treated","5/27/13","ACB",2013,1.230071002,"insectivore",7.32000699811937
"21","APAP","K25",0.34,1721,"untreated","6/3/13","ACB",2013,2.033960125,"nectarivore",7.41999499759136
"22","APAP","K34",0.22,1735,"treated","5/24/13","ZFM",2013,1.64157683,"nectarivore",7.42999249771236
"23","APAP","K12",0.18,1584,"treated","5/31/13","ACB",2013,0.808599359,"nectarivore",7.45001199904323
"24","JAWE","K14",0.6,1620,"treated","1/28/12","WK",2012,4.870490481,"frugivore",7.48504599642746
"25","APAP","K10",1.88,1679,"untreated","5/25/13","ACB",2013,1.12304401,"nectarivore",7.80999750195944
"26","APAP","K10",1.88,1679,"untreated","5/25/13","ACB",2013,1.12304401,"nectarivore",7.80999750195944
"27","HAAM","K10",1.88,1679,"untreated","5/25/13","ACB",2013,1.12304401,"insectivore",7.80999750195944
"28","APAP","K2",0.18,1590,"untreated","","ACB",2013,0.669622783,"nectarivore",7.93503400171946
"29","APAP","K14",0.6,1620,"treated","1/28/12","WK",2012,1.956738601,"nectarivore",7.98504599639168
"30","OMAO","K14",0.6,1620,"treated","1/28/12","WK",2012,1.956738601,"frugivore",7.98504599639168
"31","APAP","K14",0.6,1620,"treated","1/28/12","WK",2012,1.956738601,"nectarivore",7.98504599639168
"32","APAP","K39",0.09,1739,"untreated","","ACB",2013,80.55176384,"nectarivore",8.0199949964966
"33","APAP","K2",0.18,1590,"untreated","1/21/12","NF",2012,2.019850969,"nectarivore",8.03503400266951
"34","APAP","K38",0.19,1739,"untreated","5/27/13","ACB",2013,0.637416178,"nectarivore",8.09497050082465
"35","APAP","K2",0.18,1590,"untreated","","ACB",2013,2.019850969,"nectarivore",8.53503400140467
"36","APAP","K10",1.88,1679,"untreated","5/25/13","ACB",2013,1.12304401,"nectarivore",8.55999749916512
"37","HAAM","K40",0.19,1735,"untreated","5/27/13","ACB",2013,5.501213584,"insectivore",8.78503400118665
"38","HAAM","K40",0.19,1735,"untreated","5/27/13","ACB",2013,5.501213584,"insectivore",8.78503400118665
"39","HAAM","K29",0.64,1631,"treated","1/28/12","WK",2012,2.237627559,"insectivore",8.79003900397915
"40","IIWI","K29",0.64,1631,"treated","1/28/12","WK",2012,2.237627559,"nectarivore",8.79003900397915
"41","HAAM","K34",0.22,1735,"treated","1/16/12","NF",2012,1.64157683,"insectivore",8.80499249859956
"42","HAAM","K25",0.34,1721,"untreated","6/3/13","ACB",2013,2.033960125,"insectivore",8.86999500333981
"43","JAWE","K14",0.6,1620,"treated","1/28/12","WK",2012,13.24110042,"frugivore",8.98504600120159
"44","JAWE","K14",0.6,1620,"treated","1/28/12","WK",2012,13.24110042,"frugivore",8.98504600120159
"45","HAAM","K30",0.74,1726,"treated","1/20/12","NF",2012,3.167090002,"insectivore",9.0150144992393
"46","APAP","K2",0.18,1590,"untreated","1/21/12","NF",2012,2.019850969,"nectarivore",9.0350339983697
"47","APAP","K5",10.54,1632,"treated","1/22/12","WK",2012,18.29560473,"nectarivore",9.15496800217305
"48","APAP","K10",1.88,1679,"untreated","5/25/13","ACB",2013,0.139561939,"nectarivore",9.30999750222997
"49","HAAM","K10",1.88,1679,"untreated","5/25/13","ACB",2013,0.139561939,"insectivore",9.30999750222997
"50","HAAM","K21",0.56,1741,"treated","1/16/12","NF",2012,1.850392355,"insectivore",9.38995349876773
"51","JAWE","K14",0.6,1620,"treated","1/28/12","WK",2012,13.24110042,"frugivore",9.48504599869106
"52","APAP","K12",0.18,1584,"treated","1/23/12","NF",2012,0.808599359,"nectarivore",9.70001200366686
"53","APAP","K29",0.64,1631,"treated","1/28/12","WK",2012,1.244254497,"nectarivore",9.79003899812739
"54","APAP","K29",0.64,1631,"treated","1/28/12","WK",2012,1.244254497,"nectarivore",9.79003899812739
"55","APAP","K10",1.88,1679,"untreated","5/25/13","ACB",2013,0.139561939,"nectarivore",9.80999750259728
"56","APAP","K21",0.56,1741,"treated","5/24/13","ZFM",2013,1.023233004,"nectarivore",9.88995350094291
"57","HAAM","K21",0.56,1741,"treated","5/24/13","ZFM",2013,1.023233004,"insectivore",9.88995350094291
"58","APAP","K30",0.74,1726,"treated","1/20/12","NF",2012,3.167090002,"nectarivore",10.0150145005509
"59","HAAM","K35",12.04,1757,"untreated","1/15/12","NF",2012,0.043783279,"insectivore",10.1900020050393
"60","APAP","K10",1.88,1679,"untreated","5/25/13","ACB",2013,0.119381659,"nectarivore",10.3099975046827
"61","APAP","K25",0.34,1721,"untreated","1/20/12","NF",2012,2.033960125,"nectarivore",10.3699949991575
"62","HAAM","K18",3.34,1532,"untreated","5/15/13","ACB",2013,6.789782867,"insectivore",10.414977996118
"63","HAAM","K21",0.56,1741,"treated","5/24/13","ZFM",2013,1.023233004,"insectivore",10.5149535011465
"64","APAP","K20",0.48,1506,"untreated","5/18/13","John",2013,7.381524635,"nectarivore",10.6199974956578
"65","HAAM","K5",10.54,1632,"treated","","ACB",2013,18.29560473,"insectivore",10.6549679972166
"66","APAP","K35",12.04,1757,"untreated","1/15/12","JK",2012,0.043783279,"nectarivore",10.6900019986352
"67","JAWE","K12",0.18,1584,"treated","1/23/12","NF",2012,0.808599359,"frugivore",10.7000120004006
"68","APAP","K12",0.18,1584,"treated","1/28/12","JK",2012,0.808599359,"nectarivore",10.7000120004006
"69","HAAM","K31",3.68,1782,"untreated","6/2/13","ACB",2013,1.219504079,"insectivore",10.8049800004081
"70","APAP","K9",0.57,1709,"untreated","1/21/12","JK",2012,0.034280267,"nectarivore",10.8149409999556
"71","APAP","K9",0.57,1709,"untreated","1/21/12","JK",2012,0.034280267,"nectarivore",10.8149409999556
"72","APAP","K9",0.57,1709,"untreated","1/21/12","JK",2012,0.034280267,"nectarivore",10.8149409999556
"73","APAP","K21",0.56,1741,"treated","5/24/13","ZFM",2013,1.023233004,"nectarivore",10.8899535003996
"74","APAP","K21",0.56,1741,"treated","5/24/13","ZFM",2013,1.023233004,"nectarivore",10.8899535003996
"75","APAP","K30",0.74,1726,"treated","1/20/12","NF",2012,3.167090002,"nectarivore",11.0150145039634
"76","APAP","K30",0.74,1726,"treated","1/20/12","NF",2012,3.167090002,"nectarivore",11.0150145039634
"77","APAP","K25",0.34,1721,"untreated","6/3/13","ACB",2013,6.625860858,"nectarivore",11.1199949979756
"78","HAAM","K21",0.56,1741,"treated","5/24/13","ZFM",2013,1.023233004,"insectivore",11.1399534961767
"79","IIWI","K21",0.56,1741,"treated","5/24/13","ZFM",2013,1.023233004,"nectarivore",11.1399534961767
"80","APAP","K5",10.54,1632,"treated","1/27/12","NF",2012,18.29560473,"nectarivore",11.1549679976394
"81","APAP","K35",12.04,1757,"untreated","1/15/12","WK",2012,0.043783279,"nectarivore",11.1900019993865
"82","HAAM","K35",12.04,1757,"untreated","1/15/12","JK",2012,0.043783279,"insectivore",11.1900019993865
"83","HAAM","K21",0.56,1741,"treated","5/24/13","ZFM",2013,1.023233004,"insectivore",11.2649534994804
"84","APAP","K25",0.34,1721,"untreated","6/3/13","ACB",2013,6.625860858,"nectarivore",11.2699949955386
"85","APAP","K9",0.57,1709,"untreated","1/21/12","JK",2012,0.034280267,"nectarivore",11.3149410027764
"86","APAP","K9",0.57,1709,"untreated","5/24/13","ACB",2013,0.034280267,"nectarivore",11.3149410027764
"87","APAP","K22",0.79,1495,"untreated","5/18/13","John",2013,0.47603501,"nectarivore",11.3350390042613
"88","APAP","K25",0.34,1721,"untreated","1/20/12","NF",2012,6.625860858,"nectarivore",11.3699949999021
"89","HAAM","K25",0.34,1721,"untreated","6/3/13","ACB",2013,6.625860858,"insectivore",11.3699949999021
"90","APAP","K21",0.56,1741,"treated","5/24/13","ZFM",2013,1.023233004,"nectarivore",11.3899535008859
"91","HAAM","K18",3.34,1532,"untreated","5/15/13","ACB",2013,6.789782867,"insectivore",11.4149780035244
"92","APAP","K21",0.56,1741,"treated","5/24/13","ZFM",2013,1.023233004,"nectarivore",11.5149534993843
"93","APAP","K30",0.74,1726,"treated","1/20/12","NF",2012,3.167090002,"nectarivore",11.5150144942546
"94","APAP","K30",0.74,1726,"treated","1/20/12","NF",2012,3.167090002,"nectarivore",11.5150144942546
"95","HAEL","K19",2.84,1526,"untreated","5/16/13","ACB",2013,0.867006362,"insectivore",11.6650390023031
"96","APAP","K12",0.18,1584,"treated","1/23/12","NF",2012,0.808599359,"nectarivore",11.7000119948027
"97","APAP","K9",0.57,1709,"untreated","1/21/12","JK",2012,0.034280267,"nectarivore",11.814941000304
"98","APAP","K9",0.57,1709,"untreated","1/21/12","JK",2012,0.034280267,"nectarivore",11.814941000304
"99","APAP","K18",3.34,1532,"untreated","5/15/13","ACB",2013,9.676204413,"nectarivore",11.9149779983687
"100","APAP","K21",0.56,1741,"treated","5/24/13","ZFM",2013,1.023233004,"nectarivore",12.014953499776
"101","APAP","K30",0.74,1726,"treated","1/20/12","NF",2012,3.167090002,"nectarivore",12.0150144998497
"102","APAP","K30",0.74,1726,"treated","1/20/12","NF",2012,3.167090002,"nectarivore",12.0150144998497
"103","IIWI","K5",10.54,1632,"treated","1/22/12","NF",2012,18.29560473,"nectarivore",12.154967998746
"104","IIWI","K35",12.04,1757,"untreated","1/15/12","WK",2012,0.043783279,"nectarivore",12.1900020053383
"105","APAP","K21",0.56,1741,"treated","1/16/12","NF",2012,1.023233004,"nectarivore",12.3899535048646
"106","APAP","K18",3.34,1532,"untreated","5/15/13","ACB",2013,9.676204413,"nectarivore",12.4149780011345
"107","APAP","K18",3.34,1532,"untreated","5/15/13","ACB",2013,9.676204413,"nectarivore",12.4149780011345
"108","APAP","K18",3.34,1532,"untreated","5/15/13","ACB",2013,9.676204413,"nectarivore",12.4149780011345
"109","JAWE","K30",0.74,1726,"treated","1/20/12","NF",2012,3.167090002,"frugivore",12.5150144938334
"110","APAP","K26",2.05,1737,"treated","1/13/12","SL",2012,11.48859304,"nectarivore",12.5250239982871
"111","APAP","K35",12.04,1757,"untreated","1/15/12","WK",2012,6.278225159,"nectarivore",12.6900019958035
"112","APAP","K32",2.85,1730,"treated","1/16/12","WK",2012,2.767927199,"nectarivore",12.7700194992373
"113","APAP","K32",2.85,1730,"treated","1/16/12","WK",2012,2.767927199,"nectarivore",12.7700194992373
"114","APAP","K32",2.85,1730,"treated","5/19/13","ZFM",2013,2.767927199,"nectarivore",12.7700194992373
"115","OMAO","K20",0.48,1506,"untreated","5/18/13","John",2013,7.381524635,"frugivore",12.8149975034328
"116","APAP","K3",2.28,1598,"untreated","","ACB",2013,0.224431015,"nectarivore",12.8599849948389
"117","HAAM","K21",0.56,1741,"treated","1/16/12","NF",2012,1.023233004,"insectivore",12.8899534935943
"118","APAP","K5",10.54,1632,"treated","1/22/12","WK",2012,2.022604895,"nectarivore",13.1549680006033
"119","APAP","K5",10.54,1632,"treated","1/27/12","WK",2012,2.022604895,"nectarivore",13.1549680006033
"120","APAP","K5",10.54,1632,"treated","1/27/12","NF",2012,2.022604895,"nectarivore",13.1549680006033
"121","HAAM","K35",12.04,1757,"untreated","1/15/12","WK",2012,6.278225159,"insectivore",13.1900019952617
"122","IIWI","K35",12.04,1757,"untreated","1/15/12","JK",2012,6.278225159,"nectarivore",13.1900019952617
"123","OMAO","K12",0.18,1584,"treated","1/23/12","NF",2012,0.756798028,"frugivore",13.2000120041868
"124","APAP","K32",2.85,1730,"treated","1/16/12","WK",2012,2.767927199,"nectarivore",13.2700195023479
"125","APAP","K32",2.85,1730,"treated","5/19/13","ZFM",2013,2.767927199,"nectarivore",13.2700195023479
"126","APAP","K32",2.85,1730,"treated","5/19/13","ZFM",2013,2.767927199,"nectarivore",13.2700195023479
"127","APAP","K32",2.85,1730,"treated","5/19/13","ZFM",2013,2.767927199,"nectarivore",13.2700195023479
"128","APAP","K9",0.57,1709,"untreated","1/21/12","JK",2012,0.034280267,"nectarivore",13.3149409978253
"129","OMAO","K9",0.57,1709,"untreated","1/21/12","JK",2012,0.034280267,"frugivore",13.3149409978253
"130","APAP","K25",0.34,1721,"untreated","1/20/12","NF",2012,6.625860858,"nectarivore",13.3699949980987
"131","APAP","K18",3.34,1532,"untreated","5/15/13","ACB",2013,9.676204413,"nectarivore",13.4149780010602
"132","APAP","K30",0.74,1726,"treated","1/20/12","NF",2012,0.425137752,"nectarivore",13.5150145052733
"133","HAAM","K26",2.05,1737,"treated","1/13/12","SL",2012,11.48859304,"insectivore",13.5250239969886
"134","HAAM","K15",3.41,1562,"treated","6/1/13","ACB",2013,6.438338192,"insectivore",13.5549925047563
"135","HAEL","K15",3.41,1562,"treated","6/1/13","ACB",2013,6.438338192,"insectivore",13.5549925047563
"136","APAP","K31",3.68,1782,"untreated","6/2/13","ACB",2013,1.219504079,"nectarivore",13.6049799974647
"137","APAP","K18",3.34,1532,"untreated","5/15/13","ACB",2013,9.676204413,"nectarivore",13.6649779941746
"138","APAP","K22",0.79,1495,"untreated","1/19/12","SL",2012,0.47603501,"nectarivore",13.6650389947725
"139","IIWI","K32",2.85,1730,"treated","1/16/12","WK",2012,2.767927199,"nectarivore",13.7700195019062
"140","HAAM","K32",2.85,1730,"treated","5/23/13","ACB",2013,2.767927199,"insectivore",13.7700195019062
"141","HAAM","K26",2.05,1737,"treated","5/19/13","ZFM",2013,11.48859304,"insectivore",14.0250240050877
"142","OMAO","K26",2.05,1737,"treated","5/23/13","ACB",2013,11.48859304,"frugivore",14.0250240050877
"143","APAP","K9",0.57,1709,"untreated","5/24/13","ACB",2013,0.034280267,"nectarivore",14.0649409982671
"144","APAP","K31",3.68,1782,"untreated","6/2/13","ACB",2013,1.219504079,"nectarivore",14.1049800068261
"145","APAP","K32",2.85,1730,"treated","5/19/13","ZFM",2013,2.767927199,"nectarivore",14.1450194953097
"146","APAP","K32",2.85,1730,"treated","5/19/13","ZFM",2013,2.767927199,"nectarivore",14.1450194953097
"147","HAAM","K5",10.54,1632,"treated","","ACB",2013,2.022604895,"insectivore",14.1549680017547
"148","HAAM","K19",2.84,1526,"untreated","1/19/12","SL",2012,0.954936357,"insectivore",14.1650390064624
"149","APAP","K35",12.04,1757,"untreated","1/15/12","JK",2012,6.278225159,"nectarivore",14.1900019983502
"150","IIWI","K35",12.04,1757,"untreated","1/15/12","JK",2012,6.278225159,"nectarivore",14.1900019983502
"151","HAAM","K32",2.85,1730,"treated","1/16/12","WK",2012,2.767927199,"insectivore",14.2700195001289
"152","IIWI","K26",2.05,1737,"treated","5/19/13","ZFM",2013,11.48859304,"nectarivore",14.2750240028321
"153","APAP","K9",0.57,1709,"untreated","5/24/13","ACB",2013,0.034280267,"nectarivore",14.3149410001322
"154","APAP","K9",0.57,1709,"untreated","5/24/13","ACB",2013,0.034280267,"nectarivore",14.3149410001322
"155","HAAM","K9",0.57,1709,"untreated","5/24/13","ACB",2013,0.034280267,"insectivore",14.3149410001322
"156","APAP","K3",2.28,1598,"untreated","","ACB",2013,2.115404493,"nectarivore",14.3599849992635
"157","APAP","K18",3.34,1532,"untreated","5/15/13","ACB",2013,9.676204413,"nectarivore",14.4149780014242
"158","APAP","K5",10.54,1632,"treated","","ACB",2013,2.022604895,"nectarivore",14.529967996516
"159","APAP","K15",3.41,1562,"treated","6/1/13","ACB",2013,57.51995504,"nectarivore",14.5549925013011
"160","HAAM","K31",3.68,1782,"untreated","1/20/12","SL",2012,1.219504079,"insectivore",14.6049799935048
"161","HAAM","K5",10.54,1632,"treated","","ACB",2013,2.022604895,"insectivore",14.6549680057833
"162","APAP","K5",10.54,1632,"treated","","ACB",2013,2.022604895,"nectarivore",14.6549680057833
"163","APAP","K18",3.34,1532,"untreated","5/15/13","ACB",2013,9.676204413,"nectarivore",14.6649779962191
"164","APAP","K19",2.84,1526,"untreated","5/16/13","ACB",2013,0.954936357,"nectarivore",14.6650390026545
"165","IIWI","K35",12.04,1757,"untreated","1/15/12","WK",2012,6.278225159,"nectarivore",14.6900019951109
"166","HAAM","K5",10.54,1632,"treated","","ACB",2013,2.022604895,"insectivore",14.7799679936482
"167","IIWI","K31",3.68,1782,"untreated","6/2/13","ACB",2013,1.219504079,"nectarivore",14.8549800064525
"168","APAP","K21",0.56,1741,"treated","1/16/12","NF",2012,0.455128904,"nectarivore",14.8899535031304
"169","APAP","K6",1.22,1647,"treated","1/21/12","JK",2012,0.094143152,"nectarivore",15.010009506656
"170","OMAO","K26",2.05,1737,"treated","1/13/12","SL",2012,11.48859304,"frugivore",15.0250240036396
"171","HAAM","K26",2.05,1737,"treated","5/19/13","ZFM",2013,11.48859304,"insectivore",15.0250240036396
"172","APAP","K15",3.41,1562,"treated","1/21/12","WK",2012,57.51995504,"nectarivore",15.0549925036101
"173","APAP","K15",3.41,1562,"treated","6/1/13","ACB",2013,57.51995504,"nectarivore",15.0549925036101
"174","APAP","K31",3.68,1782,"untreated","6/2/13","ACB",2013,1.219504079,"nectarivore",15.1049800034306
"175","APAP","K5",10.54,1632,"treated","1/22/12","NF",2012,2.022604895,"nectarivore",15.1549680001033
"176","IIWI","K5",10.54,1632,"treated","1/22/12","NF",2012,2.022604895,"nectarivore",15.1549680001033
"177","APAP","K19",2.84,1526,"untreated","5/16/13","ACB",2013,0.954936357,"nectarivore",15.1650390022988
"178","APAP","K32",2.85,1730,"treated","1/16/12","WK",2012,2.767927199,"nectarivore",15.2700194962821
"179","APAP","K32",2.85,1730,"treated","1/16/12","WK",2012,2.767927199,"nectarivore",15.2700194962821
"180","APAP","K32",2.85,1730,"treated","1/16/12","WK",2012,2.767927199,"nectarivore",15.2700194962821
"181","APAP","K32",2.85,1730,"treated","5/19/13","ZFM",2013,2.767927199,"nectarivore",15.2700194962821
"182","APAP","K26",2.05,1737,"treated","5/19/13","ZFM",2013,1.75072287,"nectarivore",15.2750239961631
"183","HAAM","K26",2.05,1737,"treated","5/19/13","ZFM",2013,1.75072287,"insectivore",15.2750239961631
"184","JAWE","K9",0.57,1709,"untreated","1/21/12","JK",2012,0.034280267,"frugivore",15.3149410023729
"185","APAP","K9",0.57,1709,"untreated","5/24/13","ACB",2013,0.034280267,"nectarivore",15.3149410023729
"186","APAP","K9",0.57,1709,"untreated","5/24/13","ACB",2013,0.034280267,"nectarivore",15.3149410023729
"187","APAP","K9",0.57,1709,"untreated","5/24/13","ACB",2013,0.034280267,"nectarivore",15.3149410023729
"188","OMAO","K9",0.57,1709,"untreated","5/24/13","ACB",2013,0.034280267,"frugivore",15.3149410023729
"189","IIWI","K31",3.68,1782,"untreated","6/2/13","ACB",2013,1.219504079,"nectarivore",15.3549799940943
"190","APAP","K3",2.28,1598,"untreated","1/21/12","NF",2012,2.115404493,"nectarivore",15.3599849975954
"191","APAP","K21",0.56,1741,"treated","1/16/12","NF",2012,0.455128904,"nectarivore",15.3899534937866
"192","APAP","K18",3.34,1532,"untreated","1/23/12","SL",2012,9.676204413,"nectarivore",15.4149779975987
"193","APAP","K6",1.22,1647,"treated","1/21/12","JK",2012,0.094143152,"nectarivore",15.5100095047101
"194","HAAM","K26",2.05,1737,"treated","1/13/12","SL",2012,1.75072287,"insectivore",15.5250240044702
"195","APAP","K31",3.68,1782,"untreated","6/2/13","ACB",2013,1.219504079,"nectarivore",15.5549800063998
"196","IIWI","K15",3.41,1562,"treated","1/21/12","WK",2012,57.51995504,"nectarivore",15.5549924970538
"197","APAP","K5",10.54,1632,"treated","1/22/12","NF",2012,2.022604895,"nectarivore",15.6549680046823
"198","APAP","K5",10.54,1632,"treated","1/27/12","NF",2012,2.022604895,"nectarivore",15.6549680046823
"199","APAP","K19",2.84,1526,"untreated","5/16/13","ACB",2013,0.954936357,"nectarivore",15.6650389995675
"200","APAP","K19",2.84,1526,"untreated","5/16/13","ACB",2013,0.954936357,"nectarivore",15.6650389995675
"201","HAEL","K19",2.84,1526,"untreated","5/16/13","ACB",2013,0.954936357,"insectivore",15.6650389995675
"202","APAP","K22",0.79,1495,"untreated","1/19/12","SL",2012,0.47603501,"nectarivore",15.6650389995675
"203","IIWI","K35",12.04,1757,"untreated","1/15/12","WK",2012,6.278225159,"nectarivore",15.690001996632
"204","IIWI","K35",12.04,1757,"untreated","1/15/12","WK",2012,6.278225159,"nectarivore",15.690001996632
"205","HAEL","K33",10.23,1664,"untreated","","ACB",2013,1.646838859,"insectivore",15.6950069953585
"206","APAP","K33",10.23,1664,"untreated","","ACB",2013,1.646838859,"nectarivore",15.6950069953585
"207","APAP","K32",2.85,1730,"treated","5/23/13","ACB",2013,2.767927199,"nectarivore",15.7700194921271
"208","HAAM","K26",2.05,1737,"treated","5/19/13","ZFM",2013,1.75072287,"insectivore",15.775024002828
"209","APAP","K9",0.57,1709,"untreated","1/21/12","JK",2012,0.034280267,"nectarivore",15.8149409981784
"210","APAP","K9",0.57,1709,"untreated","5/24/13","ACB",2013,0.034280267,"nectarivore",15.8149409981784
"211","APAP","K21",0.56,1741,"treated","1/12/12","WK/NF",2012,0.455128904,"nectarivore",15.8899534972104
"212","APAP","K18",3.34,1532,"untreated","1/23/12","SL",2012,9.676204413,"nectarivore",15.9149779938027
"213","IIWI","K15",3.41,1562,"treated","6/1/13","ACB",2013,57.51995504,"nectarivore",15.9549925054563
"214","OMAO","K32",2.85,1730,"treated","5/23/13","ACB",2013,2.767927199,"frugivore",16.0200195021157
"215","IIWI","K26",2.05,1737,"treated","1/13/12","SL",2012,1.75072287,"nectarivore",16.02502399254
"216","HAAM","K5",10.54,1632,"treated","","ACB",2013,2.022604895,"insectivore",16.0549679937235
"217","APAP","K15",3.41,1562,"treated","1/21/12","WK",2012,57.51995504,"nectarivore",16.0549924936233
"218","APAP","K15",3.41,1562,"treated","6/1/13","ACB",2013,57.51995504,"nectarivore",16.0549924936233
"219","APAP","K18",3.34,1532,"untreated","5/15/13","ACB",2013,9.676204413,"nectarivore",16.1649779965824
"220","JAWE","K19",2.84,1526,"untreated","1/19/12","SL",2012,0.954936357,"frugivore",16.1650390033244
"221","APAP","K19",2.84,1526,"untreated","5/16/13","ACB",2013,0.954936357,"nectarivore",16.1650390033244
"222","HAAM","K35",12.04,1757,"untreated","1/14/12","SL",2012,6.278225159,"insectivore",16.1900019963964
"223","JAWE","K35",12.04,1757,"untreated","1/15/12","NF",2012,6.278225159,"frugivore",16.1900019963964
"224","HAAM","K35",12.04,1757,"untreated","1/15/12","WK",2012,6.278225159,"insectivore",16.1900019963964
"225","IIWI","K35",12.04,1757,"untreated","1/15/12","WK",2012,6.278225159,"nectarivore",16.1900019963964
"226","OMAO","K35",12.04,1757,"untreated","1/15/12","WK",2012,6.278225159,"frugivore",16.1900019963964
"227","IIWI","K35",12.04,1757,"untreated","1/15/12","JK",2012,6.278225159,"nectarivore",16.1900019963964
"228","APAP","K26",2.05,1737,"treated","5/19/13","ZFM",2013,1.75072287,"nectarivore",16.2750240041026
"229","APAP","K9",0.57,1709,"untreated","1/21/12","JK",2012,0.034280267,"nectarivore",16.3149410043279
"230","APAP","K9",0.57,1709,"untreated","5/24/13","ACB",2013,0.034280267,"nectarivore",16.3149410043279
"231","APAP","K3",2.28,1598,"untreated","1/21/12","NF",2012,2.115404493,"nectarivore",16.3599849950304
"232","APAP","K5",10.54,1632,"treated","","ACB",2013,2.022604895,"nectarivore",16.4049680035049
"233","APAP","K18",3.34,1532,"untreated","5/15/13","ACB",2013,9.676204413,"nectarivore",16.4149780046771
"234","APAP","K18",3.34,1532,"untreated","5/15/13","ACB",2013,9.676204413,"nectarivore",16.4149780046771
"235","HAAM","K26",2.05,1737,"treated","1/12/12","SL",2012,1.75072287,"insectivore",16.5250239986511
"236","HAAM","K26",2.05,1737,"treated","5/19/13","ZFM",2013,1.75072287,"insectivore",16.5250239986511
"237","HAAM","K33",10.23,1664,"untreated","","ACB",2013,15.13730365,"insectivore",16.5950070002382
"238","HAAM","K19",2.84,1526,"untreated","1/19/12","SL",2012,0.334638413,"insectivore",16.6650390001502
"239","IIWI","K19",2.84,1526,"untreated","5/16/13","ACB",2013,0.334638413,"nectarivore",16.6650390001502
"240","APAP","K22",0.79,1495,"untreated","1/19/12","SL",2012,0.47603501,"nectarivore",16.6650390001502
"241","APAP","K22",0.79,1495,"untreated","1/19/12","SL",2012,0.47603501,"nectarivore",16.6650390001502
"242","APAP","K22",0.79,1495,"untreated","1/19/12","SL",2012,0.47603501,"nectarivore",16.6650390001502
"243","IIWI","K35",12.04,1757,"untreated","5/11/13","ACB",2013,6.278225159,"nectarivore",16.6900020082453
"244","HAAM","K33",10.23,1664,"untreated","6/9/13","ACB",2013,15.13730365,"insectivore",16.6950070052966
"245","APAP","K33",10.23,1664,"untreated","","ACB",2013,15.13730365,"nectarivore",16.6950070052966
"246","HAAM","K32",2.85,1730,"treated","1/16/12","WK",2012,2.767927199,"insectivore",16.7700195062864
"247","HAAM","K32",2.85,1730,"treated","1/16/12","WK",2012,2.767927199,"insectivore",16.7700195062864
"248","HAAM","K19",2.84,1526,"untreated","5/16/13","ACB",2013,0.334638413,"insectivore",16.8150390076128
"249","APAP","K18",3.34,1532,"untreated","1/23/12","SL",2012,9.676204413,"nectarivore",16.9149780065787
"250","APAP","K18",3.34,1532,"untreated","5/15/13","ACB",2013,9.676204413,"nectarivore",16.9149780065787
"251","APAP","K18",3.34,1532,"untreated","5/15/13","ACB",2013,9.676204413,"nectarivore",16.9149780065787
"252","APAP","K6",1.22,1647,"treated","1/21/12","JK",2012,0.252228783,"nectarivore",17.0100095016565
"253","IIWI","K26",2.05,1737,"treated","5/23/13","ACB",2013,1.75072287,"nectarivore",17.0250240046612
"254","APAP","K15",3.41,1562,"treated","1/21/12","WK",2012,57.51995504,"nectarivore",17.0549924980084
"255","IIWI","K31",3.68,1782,"untreated","6/2/13","ACB",2013,1.481929797,"nectarivore",17.1049799969189
"256","APAP","K3",2.28,1598,"untreated","","ACB",2013,2.115404493,"nectarivore",17.1099849961774
"257","IIWI","K5",10.54,1632,"treated","1/22/12","NF",2012,2.022604895,"nectarivore",17.1549680006297
"258","IIWI","K5",10.54,1632,"treated","1/27/12","WK",2012,2.022604895,"nectarivore",17.1549680006297
"259","APAP","K18",3.34,1532,"untreated","5/15/13","ACB",2013,1.717580617,"nectarivore",17.1649779960349
"260","APAP","K18",3.34,1532,"untreated","5/15/13","ACB",2013,1.717580617,"nectarivore",17.1649779960349
"261","IIWI","K19",2.84,1526,"untreated","1/19/12","SL",2012,0.334638413,"nectarivore",17.1650390004751
"262","APAP","K19",2.84,1526,"untreated","5/16/13","ACB",2013,0.334638413,"nectarivore",17.1650390004751
"263","IIWI","K35",12.04,1757,"untreated","1/15/12","NF",2012,6.278225159,"nectarivore",17.1900020044442
"264","IIWI","K35",12.04,1757,"untreated","5/10/13","ACB",2013,6.278225159,"nectarivore",17.1900020044442
"265","APAP","K15",3.41,1562,"treated","6/1/13","ACB",2013,57.51995504,"nectarivore",17.254992501842
"266","APAP","K3",2.28,1598,"untreated","1/21/12","NF",2012,2.115404493,"nectarivore",17.3599849969354
"267","APAP","K3",2.28,1598,"untreated","1/21/12","NF",2012,2.115404493,"nectarivore",17.3599849969354
"268","APAP","K3",2.28,1598,"untreated","1/21/12","NF",2012,2.115404493,"nectarivore",17.3599849969354
"269","APAP","K3",2.28,1598,"untreated","1/21/12","NF",2012,2.115404493,"nectarivore",17.3599849969354
"270","APAP","K19",2.84,1526,"untreated","5/16/13","ACB",2013,0.334638413,"nectarivore",17.3650389984296
"271","HAAM","K18",3.34,1532,"untreated","5/15/13","ACB",2013,1.717580617,"insectivore",17.414978008039
"272","APAP","K15",3.41,1562,"treated","6/1/13","ACB",2013,57.51995504,"nectarivore",17.6549925075665
"273","IIWI","K35",12.04,1757,"untreated","1/15/12","WK",2012,6.278225159,"nectarivore",17.6900019959328
"274","APAP","K35",12.04,1757,"untreated","5/10/13","ACB",2013,6.278225159,"nectarivore",17.6900019959328
"275","APAP","K35",12.04,1757,"untreated","5/10/13","ACB",2013,6.278225159,"nectarivore",17.6900019959328
"276","HAAM","K35",12.04,1757,"untreated","5/10/13","ACB",2013,6.278225159,"insectivore",17.6900019959328
"277","APAP","K33",10.23,1664,"untreated","","ACB",2013,15.13730365,"nectarivore",17.6950069931109
"278","HAAM","K21",0.56,1741,"treated","1/16/12","NF",2012,0.455128904,"insectivore",17.8899534946364
"279","APAP","K21",0.56,1741,"treated","1/16/12","NF",2012,0.455128904,"nectarivore",17.8899534946364
"280","APAP","K18",3.34,1532,"untreated","1/23/12","SL",2012,1.717580617,"nectarivore",17.9149780047483
"281","APAP","K26",2.05,1737,"treated","1/12/12","SL",2012,1.75072287,"nectarivore",18.0250240062335
"282","HAAM","K26",2.05,1737,"treated","5/23/13","ACB",2013,1.75072287,"insectivore",18.0250240062335
"283","HAAM","K26",2.05,1737,"treated","5/23/13","ACB",2013,1.75072287,"insectivore",18.0250240062335
"284","HAAM","K15",3.41,1562,"treated","1/21/12","WK",2012,57.51995504,"insectivore",18.0549924940069
"285","APAP","K31",3.68,1782,"untreated","1/20/12","SL",2012,1.481929797,"nectarivore",18.1049800081513
"286","IIWI","K31",3.68,1782,"untreated","1/20/12","SL",2012,1.481929797,"nectarivore",18.1049800081513
"287","HAEL","K5",10.54,1632,"treated","1/27/12","NF",2012,2.022604895,"insectivore",18.1549679951905
"288","APAP","K5",10.54,1632,"treated","1/27/12","NF",2012,2.022604895,"nectarivore",18.1549679951905
"289","APAP","K18",3.34,1532,"untreated","5/15/13","ACB",2013,1.717580617,"nectarivore",18.1649780081353
"290","APAP","K19",2.84,1526,"untreated","5/16/13","ACB",2013,0.334638413,"nectarivore",18.1650390062338
"291","APAP","K19",2.84,1526,"untreated","5/16/13","ACB",2013,0.334638413,"nectarivore",18.1650390062338
"292","IIWI","K35",12.04,1757,"untreated","1/14/12","SL",2012,6.278225159,"nectarivore",18.1900019912588
"293","APAP","K3",2.28,1598,"untreated","1/21/12","NF",2012,2.115404493,"nectarivore",18.3599849963547
"294","OMAO","K19",2.84,1526,"untreated","5/16/13","ACB",2013,0.334638413,"frugivore",18.3650390023129
"295","APAP","K18",3.34,1532,"untreated","1/23/12","SL",2012,1.717580617,"nectarivore",18.4149779959844
"296","APAP","K19",2.84,1526,"untreated","5/16/13","ACB",2013,0.334638413,"nectarivore",18.4150390049075
"297","APAP","K6",1.22,1647,"treated","1/21/12","JK",2012,0.499712839,"nectarivore",18.5100095033066
"298","APAP","K6",1.22,1647,"treated","1/21/12","JK",2012,0.499712839,"nectarivore",18.5100095033066
"299","OMAO","K26",2.05,1737,"treated","1/12/12","SL",2012,1.75072287,"frugivore",18.5250240050412
"300","HAAM","K26",2.05,1737,"treated","1/12/12","SL",2012,1.75072287,"insectivore",18.5250240050412
"301","IIWI","K26",2.05,1737,"treated","1/12/12","SL",2012,1.75072287,"nectarivore",18.5250240050412
"302","HAAM","K15",3.41,1562,"treated","1/21/12","WK",2012,57.51995504,"insectivore",18.554992494271
"303","APAP","K15",3.41,1562,"treated","1/21/12","WK",2012,57.51995504,"nectarivore",18.554992494271
"304","IIWI","K15",3.41,1562,"treated","6/1/13","ACB",2013,57.51995504,"nectarivore",18.554992494271
"305","APAP","K31",3.68,1782,"untreated","1/20/12","SL",2012,36.28747384,"nectarivore",18.6049800033831
"306","HAAM","K26",2.05,1737,"treated","5/23/13","ACB",2013,1.75072287,"insectivore",18.6500240008902
"307","APAP","K35",12.04,1757,"untreated","1/20/12","NF",2012,6.278225159,"nectarivore",18.6900019910931
"308","APAP","K35",12.04,1757,"untreated","1/15/12","JK",2012,6.278225159,"nectarivore",18.6900019910931
"309","HAAM","K35",12.04,1757,"untreated","1/15/12","JK",2012,6.278225159,"insectivore",18.6900019910931
"310","IIWI","K35",12.04,1757,"untreated","1/15/12","JK",2012,6.278225159,"nectarivore",18.6900019910931
"311","APAP","K32",2.85,1730,"treated","1/16/12","WK",2012,25.85878154,"nectarivore",18.7700194908078
"312","HAAM","K9",0.57,1709,"untreated","5/24/13","ACB",2013,0.485363115,"insectivore",18.8149409953983
"313","APAP","K3",2.28,1598,"untreated","1/21/12","NF",2012,2.115404493,"nectarivore",18.8599850024338
"314","JAWE","K21",0.56,1741,"treated","1/12/12","WK/NF",2012,0.455128904,"frugivore",18.8899535020688
"315","APAP","K21",0.56,1741,"treated","1/16/12","NF",2012,0.455128904,"nectarivore",18.8899535020688
"316","APAP","K21",0.56,1741,"treated","1/16/12","NF",2012,0.455128904,"nectarivore",18.8899535020688
"317","APAP","K5",10.54,1632,"treated","","ACB",2013,2.022604895,"nectarivore",18.9049680062846
"318","JAWE","K18",3.34,1532,"untreated","1/23/12","SL",2012,1.717580617,"frugivore",18.9149780002602
"319","APAP","K19",2.84,1526,"untreated","5/16/13","ACB",2013,0.334638413,"nectarivore",18.9150390011626
"320","APAP","K26",2.05,1737,"treated","1/13/12","SL",2012,1.75072287,"nectarivore",19.0250239953392
"321","APAP","K15",3.41,1562,"treated","1/21/12","WK",2012,31.53787771,"nectarivore",19.0549925051779
"322","APAP","K19",2.84,1526,"untreated","5/16/13","ACB",2013,0.334638413,"nectarivore",19.0650390011288
"323","APAP","K5",10.54,1632,"treated","1/22/12","WK",2012,2.022604895,"nectarivore",19.1549680082534
"324","HAAM","K5",10.54,1632,"treated","1/22/12","NF",2012,2.022604895,"insectivore",19.1549680082534
"325","APAP","K5",10.54,1632,"treated","1/22/12","NF",2012,2.022604895,"nectarivore",19.1549680082534
"326","HAAM","K5",10.54,1632,"treated","1/22/12","NF",2012,2.022604895,"insectivore",19.1549680082534
"327","JAWE","K5",10.54,1632,"treated","1/27/12","WK",2012,2.022604895,"frugivore",19.1549680082534
"328","JAWE","K19",2.84,1526,"untreated","1/19/12","SL",2012,0.334638413,"frugivore",19.1650390040245
"329","APAP","K19",2.84,1526,"untreated","1/19/12","SL",2012,0.334638413,"nectarivore",19.1650390040245
"330","APAP","K19",2.84,1526,"untreated","5/16/13","ACB",2013,0.334638413,"nectarivore",19.1650390040245
"331","OMAO","K35",12.04,1757,"untreated","1/14/12","SL",2012,6.278225159,"frugivore",19.1900019953838
"332","IIWI","K35",12.04,1757,"untreated","1/15/12","NF",2012,6.278225159,"nectarivore",19.1900019953838
"333","APAP","K35",12.04,1757,"untreated","1/15/12","NF",2012,6.278225159,"nectarivore",19.1900019953838
"334","APAP","K35",12.04,1757,"untreated","1/15/12","WK",2012,6.278225159,"nectarivore",19.1900019953838
"335","APAP","K35",12.04,1757,"untreated","1/15/12","WK",2012,6.278225159,"nectarivore",19.1900019953838
"336","APAP","K35",12.04,1757,"untreated","1/15/12","WK",2012,6.278225159,"nectarivore",19.1900019953838
"337","APAP","K35",12.04,1757,"untreated","1/20/12","NF",2012,6.278225159,"nectarivore",19.1900019953838
"338","JAWE","K35",12.04,1757,"untreated","1/15/12","JK",2012,6.278225159,"frugivore",19.1900019953838
"339","APAP","K33",10.23,1664,"untreated","","ACB",2013,15.13730365,"nectarivore",19.1950069974855
"340","HAAM","K26",2.05,1737,"treated","5/23/13","ACB",2013,1.75072287,"insectivore",19.2750240080029
"341","APAP","K5",10.54,1632,"treated","","ACB",2013,2.022604895,"nectarivore",19.4049680046574
"342","APAP","K18",3.34,1532,"untreated","1/23/12","SL",2012,1.717580617,"nectarivore",19.4149779992523
"343","APAP","K18",3.34,1532,"untreated","1/23/12","SL",2012,1.717580617,"nectarivore",19.4149779992523
"344","JAWE","K6",1.22,1647,"treated","1/21/12","JK",2012,0.499712839,"frugivore",19.5100095084931
"345","APAP","K26",2.05,1737,"treated","1/12/12","JK",2012,1.75072287,"nectarivore",19.5250240015945
"346","OMAO","K26",2.05,1737,"treated","1/12/12","SL",2012,1.75072287,"frugivore",19.5250240015945
"347","APAP","K26",2.05,1737,"treated","1/12/12","SL",2012,1.75072287,"nectarivore",19.5250240015945
"348","APAP","K26",2.05,1737,"treated","1/12/12","SL",2012,1.75072287,"nectarivore",19.5250240015945
"349","IIWI","K26",2.05,1737,"treated","1/12/12","SL",2012,1.75072287,"nectarivore",19.5250240015945
"350","APAP","K9",0.57,1709,"untreated","5/24/13","ACB",2013,0.485363115,"nectarivore",19.5649409986546
"351","APAP","K31",3.68,1782,"untreated","1/20/12","SL",2012,36.28747384,"nectarivore",19.6049800079233
"352","HAAM","K31",3.68,1782,"untreated","1/20/12","SL",2012,36.28747384,"insectivore",19.6049800079233
"353","JAWE","K5",10.54,1632,"treated","1/22/12","NF",2012,2.022604895,"frugivore",19.654968004166
"354","IIWI","K5",10.54,1632,"treated","1/27/12","WK",2012,2.022604895,"nectarivore",19.654968004166
"355","OMAO","K35",12.04,1757,"untreated","1/15/12","JK",2012,6.278225159,"frugivore",19.6900019955612
"356","APAP","K35",12.04,1757,"untreated","5/11/13","ACB",2013,6.278225159,"nectarivore",19.6900019955612
"357","HAAM","K35",12.04,1757,"untreated","5/10/13","ACB",2013,6.278225159,"insectivore",19.6900019955612
"358","OMAO","K35",12.04,1757,"untreated","5/10/13","ACB",2013,6.278225159,"frugivore",19.6900019955612
"359","APAP","K33",10.23,1664,"untreated","","ACB",2013,15.13730365,"nectarivore",19.6950070030928
"360","APAP","K32",2.85,1730,"treated","1/16/12","WK",2012,25.85878154,"nectarivore",19.7700195093911
"361","HAAM","K33",10.23,1664,"untreated","","ACB",2013,15.13730365,"insectivore",19.8200069984067
"362","HAAM","K33",10.23,1664,"untreated","","ACB",2013,15.13730365,"insectivore",19.8200069984067
"363","APAP","K26",2.05,1737,"treated","1/12/12","JK",2012,9.143142899,"nectarivore",20.025023990877
"364","IIWI","K26",2.05,1737,"treated","1/13/12","SL",2012,9.143142899,"nectarivore",20.025023990877
"365","APAP","K26",2.05,1737,"treated","1/13/12","SL",2012,9.143142899,"nectarivore",20.025023990877
"366","APAP","K26",2.05,1737,"treated","1/13/12","SL",2012,9.143142899,"nectarivore",20.025023990877
"367","APAP","K26",2.05,1737,"treated","1/13/12","SL",2012,9.143142899,"nectarivore",20.025023990877
"368","APAP","K26",2.05,1737,"treated","1/13/12","SL",2012,9.143142899,"nectarivore",20.025023990877
"369","IIWI","K26",2.05,1737,"treated","5/23/13","ACB",2013,9.143142899,"nectarivore",20.025023990877
"370","JAWE","K15",3.41,1562,"treated","1/21/12","WK",2012,31.53787771,"frugivore",20.0549924949789
"371","IIWI","K31",3.68,1782,"untreated","1/20/12","SL",2012,36.28747384,"nectarivore",20.1049800086185
"372","IIWI","K31",3.68,1782,"untreated","1/20/12","SL",2012,36.28747384,"nectarivore",20.1049800086185
"373","APAP","K31",3.68,1782,"untreated","1/20/12","SL",2012,36.28747384,"nectarivore",20.1049800086185
"374","APAP","K5",10.54,1632,"treated","1/22/12","WK",2012,2.022604895,"nectarivore",20.1549680025696
"375","HAAM","K5",10.54,1632,"treated","1/27/12","NF",2012,2.022604895,"insectivore",20.1549680025696
"376","APAP","K19",2.84,1526,"untreated","1/19/12","SL",2012,0.334638413,"nectarivore",20.1650389925874
"377","APAP","K19",2.84,1526,"untreated","1/19/12","SL",2012,0.334638413,"nectarivore",20.1650389925874
"378","APAP","K19",2.84,1526,"untreated","1/19/12","SL",2012,0.334638413,"nectarivore",20.1650389925874
"379","APAP","K19",2.84,1526,"untreated","1/19/12","SL",2012,0.334638413,"nectarivore",20.1650389925874
"380","OMAO","K35",12.04,1757,"untreated","1/14/12","SL",2012,14.09430774,"frugivore",20.1900019922535
"381","IIWI","K35",12.04,1757,"untreated","1/15/12","WK",2012,14.09430774,"nectarivore",20.1900019922535
"382","APAP","K35",12.04,1757,"untreated","5/11/13","ACB",2013,14.09430774,"nectarivore",20.1900019922535
"383","APAP","K35",12.04,1757,"untreated","5/11/13","ACB",2013,14.09430774,"nectarivore",20.1900019922535
"384","IIWI","K35",12.04,1757,"untreated","5/11/13","ACB",2013,14.09430774,"nectarivore",20.1900019922535
"385","IIWI","K35",12.04,1757,"untreated","5/11/13","ACB",2013,14.09430774,"nectarivore",20.1900019922535
"386","APAP","K33",10.23,1664,"untreated","","ACB",2013,15.13730365,"nectarivore",20.1950070073557
"387","APAP","K3",2.28,1598,"untreated","1/21/12","NF",2012,2.115404493,"nectarivore",20.3599850011535
"388","APAP","K3",2.28,1598,"untreated","1/21/12","NF",2012,2.115404493,"nectarivore",20.3599850011535
"389","APAP","K26",2.05,1737,"treated","5/23/13","ACB",2013,9.143142899,"nectarivore",20.375023999178
"390","APAP","K18",3.34,1532,"untreated","1/23/12","SL",2012,1.717580617,"nectarivore",20.4149779973059
"391","APAP","K18",3.34,1532,"untreated","1/23/12","SL",2012,1.717580617,"nectarivore",20.4149779973059
"392","APAP","K18",3.34,1532,"untreated","1/23/12","SL",2012,1.717580617,"nectarivore",20.4149779973059
"393","APAP","K18",3.34,1532,"untreated","1/23/12","SL",2012,1.717580617,"nectarivore",20.4149779973059
"394","APAP","K18",3.34,1532,"untreated","1/23/12","SL",2012,1.717580617,"nectarivore",20.4149779973059
"395","APAP","K35",12.04,1757,"untreated","5/10/13","ACB",2013,14.09430774,"nectarivore",20.4400019962624
"396","APAP","K31",3.68,1782,"untreated","6/2/13","ACB",2013,36.28747384,"nectarivore",20.5049799903281
"397","APAP","K26",2.05,1737,"treated","1/12/12","SL",2012,9.143142899,"nectarivore",20.5250240073165
"398","APAP","K26",2.05,1737,"treated","1/12/12","SL",2012,9.143142899,"nectarivore",20.5250240073165
"399","IIWI","K26",2.05,1737,"treated","1/12/12","SL",2012,9.143142899,"nectarivore",20.5250240073165
"400","IIWI","K26",2.05,1737,"treated","1/12/12","SL",2012,9.143142899,"nectarivore",20.5250240073165
"401","IIWI","K26",2.05,1737,"treated","1/12/12","SL",2012,9.143142899,"nectarivore",20.5250240073165
"402","IIWI","K26",2.05,1737,"treated","1/12/12","SL",2012,9.143142899,"nectarivore",20.5250240073165
"403","IIWI","K26",2.05,1737,"treated","1/12/12","SL",2012,9.143142899,"nectarivore",20.5250240073165
"404","APAP","K26",2.05,1737,"treated","1/13/12","SL",2012,9.143142899,"nectarivore",20.5250240073165
"405","APAP","K26",2.05,1737,"treated","1/13/12","SL",2012,9.143142899,"nectarivore",20.5250240073165
"406","APAP","K15",3.41,1562,"treated","1/21/12","WK",2012,31.53787771,"nectarivore",20.5549924902354
"407","APAP","K31",3.68,1782,"untreated","1/20/12","SL",2012,36.28747384,"nectarivore",20.6049799968657
"408","APAP","K31",3.68,1782,"untreated","1/20/12","SL",2012,36.28747384,"nectarivore",20.6049799968657
"409","APAP","K31",3.68,1782,"untreated","6/2/13","ACB",2013,36.28747384,"nectarivore",20.6049799968657
"410","IIWI","K5",10.54,1632,"treated","1/27/12","NF",2012,2.022604895,"nectarivore",20.6549680085543
"411","HAAM","K35",12.04,1757,"untreated","1/14/12","SL",2012,14.09430774,"insectivore",20.6900019912584
"412","APAP","K35",12.04,1757,"untreated","1/14/12","SL",2012,14.09430774,"nectarivore",20.6900019912584
"413","APAP","K35",12.04,1757,"untreated","1/15/12","WK",2012,14.09430774,"nectarivore",20.6900019912584
"414","APAP","K35",12.04,1757,"untreated","1/15/12","WK",2012,14.09430774,"nectarivore",20.6900019912584
"415","APAP","K35",12.04,1757,"untreated","5/10/13","ACB",2013,14.09430774,"nectarivore",20.6900019912584
"416","APAP","K35",12.04,1757,"untreated","5/11/13","ACB",2013,14.09430774,"nectarivore",20.6900019912584
"417","HAAM","K35",12.04,1757,"untreated","5/10/13","ACB",2013,14.09430774,"insectivore",20.6900019912584
"418","IIWI","K35",12.04,1757,"untreated","5/11/13","ACB",2013,14.09430774,"nectarivore",20.6900019912584
"419","APAP","K31",3.68,1782,"untreated","6/2/13","ACB",2013,36.28747384,"nectarivore",20.7299800070091
"420","APAP","K26",2.05,1737,"treated","5/23/13","ACB",2013,9.143142899,"nectarivore",20.775024000509
"421","APAP","K15",3.41,1562,"treated","6/1/13","ACB",2013,31.53787771,"nectarivore",20.8049925011532
"422","APAP","K3",2.28,1598,"untreated","1/21/12","NF",2012,0.469688532,"nectarivore",20.8599849897204
"423","IIWI","K3",2.28,1598,"untreated","1/21/12","NF",2012,0.469688532,"nectarivore",20.8599849897204
"424","HAAM","K3",2.28,1598,"untreated","","ACB",2013,0.469688532,"insectivore",20.8599849897204
"425","APAP","K26",2.05,1737,"treated","1/12/12","JK",2012,9.143142899,"nectarivore",21.025023992503
"426","APAP","K26",2.05,1737,"treated","1/13/12","SL",2012,9.143142899,"nectarivore",21.025023992503
"427","IIWI","K26",2.05,1737,"treated","1/13/12","SL",2012,9.143142899,"nectarivore",21.025023992503
"428","APAP","K26",2.05,1737,"treated","1/13/12","SL",2012,9.143142899,"nectarivore",21.025023992503
"429","APAP","K26",2.05,1737,"treated","5/23/13","ACB",2013,9.143142899,"nectarivore",21.025023992503
"430","APAP","K5",10.54,1632,"treated","","ACB",2013,2.022604895,"nectarivore",21.1049679998959
"431","APAP","K31",3.68,1782,"untreated","1/20/12","SL",2012,36.28747384,"nectarivore",21.1049800086261
"432","APAP","K31",3.68,1782,"untreated","1/20/12","SL",2012,36.28747384,"nectarivore",21.1049800086261
"433","IIWI","K5",10.54,1632,"treated","1/22/12","NF",2012,2.022604895,"nectarivore",21.1549680100249
"434","APAP","K5",10.54,1632,"treated","","ACB",2013,2.022604895,"nectarivore",21.1549680100249
"435","IIWI","K19",2.84,1526,"untreated","1/19/12","SL",2012,0.334638413,"nectarivore",21.1650390077048
"436","APAP","K19",2.84,1526,"untreated","1/19/12","SL",2012,0.334638413,"nectarivore",21.1650390077048
"437","APAP","K19",2.84,1526,"untreated","1/19/12","SL",2012,0.334638413,"nectarivore",21.1650390077048
"438","IIWI","K35",12.04,1757,"untreated","1/14/12","SL",2012,14.09430774,"nectarivore",21.1900020071125
"439","APAP","K35",12.04,1757,"untreated","1/14/12","SL",2012,14.09430774,"nectarivore",21.1900020071125
"440","IIWI","K35",12.04,1757,"untreated","5/11/13","ACB",2013,14.09430774,"nectarivore",21.1900020071125
"441","APAP","K33",10.23,1664,"untreated","","ACB",2013,1.086666777,"nectarivore",21.1950069984926
"442","JAWE","K32",2.85,1730,"treated","1/16/12","NF",2012,25.85878154,"frugivore",21.2700195000866
"443","APAP","K26",2.05,1737,"treated","5/23/13","ACB",2013,9.143142899,"nectarivore",21.275024009714
"444","APAP","K3",2.28,1598,"untreated","1/21/12","NF",2012,0.469688532,"nectarivore",21.3599850033203
"445","APAP","K5",10.54,1632,"treated","","ACB",2013,2.022604895,"nectarivore",21.4049680081771
"446","APAP","K18",3.34,1532,"untreated","1/23/12","SL",2012,1.717580617,"nectarivore",21.4149780053643
"447","HAAM","K18",3.34,1532,"untreated","1/23/12","SL",2012,1.717580617,"insectivore",21.4149780053643
"448","HAAM","K26",2.05,1737,"treated","1/12/12","JK",2012,9.143142899,"insectivore",21.5250239936339
"449","IIWI","K26",2.05,1737,"treated","1/13/12","SL",2012,9.143142899,"nectarivore",21.5250239936339
"450","HAAM","K26",2.05,1737,"treated","1/13/12","SL",2012,9.143142899,"insectivore",21.5250239936339
"451","APAP","K31",3.68,1782,"untreated","1/20/12","SL",2012,36.28747384,"nectarivore",21.6049800070902
"452","APAP","K31",3.68,1782,"untreated","1/20/12","SL",2012,36.28747384,"nectarivore",21.6049800070902
"453","APAP","K5",10.54,1632,"treated","","ACB",2013,2.022604895,"nectarivore",21.6549680011536
"454","APAP","K5",10.54,1632,"treated","","ACB",2013,2.022604895,"nectarivore",21.6549680011536
"455","HAAM","K5",10.54,1632,"treated","","ACB",2013,2.022604895,"insectivore",21.6549680011536
"456","APAP","K5",10.54,1632,"treated","","ACB",2013,2.022604895,"nectarivore",21.6549680011536
"457","IIWI","K35",12.04,1757,"untreated","1/15/12","NF",2012,14.09430774,"nectarivore",21.6900019989769
"458","APAP","K35",12.04,1757,"untreated","5/10/13","ACB",2013,14.09430774,"nectarivore",21.6900019989769
"459","APAP","K35",12.04,1757,"untreated","5/10/13","ACB",2013,14.09430774,"nectarivore",21.6900019989769
"460","APAP","K35",12.04,1757,"untreated","5/11/13","ACB",2013,14.09430774,"nectarivore",21.6900019989769
"461","APAP","K35",12.04,1757,"untreated","5/11/13","ACB",2013,14.09430774,"nectarivore",21.6900019989769
"462","HAAM","K35",12.04,1757,"untreated","5/10/13","ACB",2013,14.09430774,"insectivore",21.6900019989769
"463","IIWI","K35",12.04,1757,"untreated","5/10/13","ACB",2013,14.09430774,"nectarivore",21.6900019989769
"464","APAP","K21",0.56,1741,"treated","1/12/12","WK/NF",2012,0.280718554,"nectarivore",21.8899534939832
"465","APAP","K33",10.23,1664,"untreated","","ACB",2013,1.086666777,"nectarivore",21.9450069973795
"466","APAP","K15",3.41,1562,"treated","6/1/13","ACB",2013,31.53787771,"nectarivore",22.0049924905078
"467","APAP","K26",2.05,1737,"treated","1/13/12","SL",2012,9.143142899,"nectarivore",22.0250239891532
"468","IIWI","K26",2.05,1737,"treated","1/13/12","SL",2012,9.143142899,"nectarivore",22.0250239891532
"469","APAP","K26",2.05,1737,"treated","1/13/12","SL",2012,9.143142899,"nectarivore",22.0250239891532
"470","APAP","K33",10.23,1664,"untreated","","ACB",2013,1.086666777,"nectarivore",22.0450069924568
"471","APAP","K31",3.68,1782,"untreated","1/20/12","SL",2012,36.28747384,"nectarivore",22.1049800109393
"472","IIWI","K5",10.54,1632,"treated","1/22/12","WK",2012,2.022604895,"nectarivore",22.1549679937702
"473","APAP","K5",10.54,1632,"treated","1/22/12","NF",2012,2.022604895,"nectarivore",22.1549679937702
"474","APAP","K5",10.54,1632,"treated","1/27/12","WK",2012,2.022604895,"nectarivore",22.1549679937702
"475","APAP","K35",12.04,1757,"untreated","1/15/12","WK",2012,14.09430774,"nectarivore",22.1900019983316
"476","HAAM","K35",12.04,1757,"untreated","1/15/12","WK",2012,14.09430774,"insectivore",22.1900019983316
"477","JAWE","K35",12.04,1757,"untreated","1/15/12","JK",2012,14.09430774,"frugivore",22.1900019983316
"478","APAP","K35",12.04,1757,"untreated","5/11/13","ACB",2013,14.09430774,"nectarivore",22.1900019983316
"479","HAAM","K35",12.04,1757,"untreated","5/10/13","ACB",2013,14.09430774,"insectivore",22.1900019983316
"480","IIWI","K35",12.04,1757,"untreated","5/10/13","ACB",2013,14.09430774,"nectarivore",22.1900019983316
"481","HAAM","K5",10.54,1632,"treated","","ACB",2013,2.022604895,"insectivore",22.3549679946836
"482","APAP","K33",10.23,1664,"untreated","","ACB",2013,1.086666777,"nectarivore",22.3950069948719
"483","JAWE","K26",2.05,1737,"treated","1/13/12","SL",2012,9.143142899,"frugivore",22.5250240005264
"484","JAWE","K26",2.05,1737,"treated","1/13/12","SL",2012,9.143142899,"frugivore",22.5250240005264
"485","APAP","K35",12.04,1757,"untreated","1/14/12","SL",2012,14.09430774,"nectarivore",22.6900020014453
"486","APAP","K35",12.04,1757,"untreated","1/14/12","SL",2012,14.09430774,"nectarivore",22.6900020014453
"487","APAP","K35",12.04,1757,"untreated","1/15/12","WK",2012,14.09430774,"nectarivore",22.6900020014453
"488","IIWI","K35",12.04,1757,"untreated","1/15/12","WK",2012,14.09430774,"nectarivore",22.6900020014453
"489","APAP","K35",12.04,1757,"untreated","1/20/12","NF",2012,14.09430774,"nectarivore",22.6900020014453
"490","IIWI","K35",12.04,1757,"untreated","5/10/13","ACB",2013,14.09430774,"nectarivore",22.6900020014453
"491","APAP","K33",10.23,1664,"untreated","","ACB",2013,1.086666777,"nectarivore",22.6950069921393
"492","APAP","K3",2.28,1598,"untreated","","ACB",2013,0.213187809,"nectarivore",23.1099849949987
"493","HAAM","K5",10.54,1632,"treated","1/22/12","NF",2012,2.022604895,"insectivore",23.1549680013701
"494","HAAM","K35",12.04,1757,"untreated","1/15/12","WK",2012,14.09430774,"insectivore",23.1900020113281
"495","APAP","K32",2.85,1730,"treated","1/16/12","NF",2012,6.936232516,"nectarivore",23.2700194929567
"496","HAAM","K35",12.04,1757,"untreated","1/15/12","NF",2012,14.09430774,"insectivore",23.6900020096063
"497","JAWE","K35",12.04,1757,"untreated","1/15/12","NF",2012,14.09430774,"frugivore",23.6900020096063
"498","IIWI","K35",12.04,1757,"untreated","1/15/12","NF",2012,14.09430774,"nectarivore",23.6900020096063
"499","APAP","K35",12.04,1757,"untreated","1/15/12","WK",2012,14.09430774,"nectarivore",23.6900020096063
"500","HAAM","K35",12.04,1757,"untreated","1/15/12","JK",2012,14.09430774,"insectivore",23.6900020096063
"501","IIWI","K35",12.04,1757,"untreated","5/11/13","ACB",2013,14.09430774,"nectarivore",23.6900020096063
"502","APAP","K32",2.85,1730,"treated","1/16/12","NF",2012,6.936232516,"nectarivore",23.7700195063331
"503","IIWI","K35",12.04,1757,"untreated","1/14/12","SL",2012,14.09430774,"nectarivore",24.1900019927254
"504","IIWI","K35",12.04,1757,"untreated","1/14/12","SL",2012,14.09430774,"nectarivore",24.1900019927254
"505","APAP","K35",12.04,1757,"untreated","1/14/12","SL",2012,14.09430774,"nectarivore",24.1900019927254
"506","IIWI","K35",12.04,1757,"untreated","1/15/12","NF",2012,14.09430774,"nectarivore",24.1900019927254
"507","HAAM","K35",12.04,1757,"untreated","1/15/12","NF",2012,14.09430774,"insectivore",24.1900019927254
"508","APAP","K35",12.04,1757,"untreated","1/15/12","NF",2012,14.09430774,"nectarivore",24.1900019927254
"509","APAP","K35",12.04,1757,"untreated","1/15/12","NF",2012,14.09430774,"nectarivore",24.1900019927254
"510","APAP","K35",12.04,1757,"untreated","1/15/12","WK",2012,14.09430774,"nectarivore",24.1900019927254
"511","APAP","K35",12.04,1757,"untreated","1/15/12","WK",2012,14.09430774,"nectarivore",24.1900019927254
"512","APAP","K5",10.54,1632,"treated","","ACB",2013,2.022604895,"nectarivore",24.40496799679
"513","APAP","K35",12.04,1757,"untreated","5/10/13","ACB",2013,14.09430774,"nectarivore",24.4400019966651
"514","APAP","K5",10.54,1632,"treated","1/27/12","NF",2012,2.022604895,"nectarivore",24.6549680058168
"515","APAP","K35",12.04,1757,"untreated","1/15/12","NF",2012,7.258060079,"nectarivore",24.6900019910736
"516","APAP","K35",12.04,1757,"untreated","1/15/12","NF",2012,7.258060079,"nectarivore",24.6900019910736
"517","APAP","K35",12.04,1757,"untreated","1/15/12","WK",2012,7.258060079,"nectarivore",24.6900019910736
"518","JAWE","K5",10.54,1632,"treated","1/22/12","WK",2012,2.022604895,"frugivore",25.1549680042871
"519","JAWE","K35",12.04,1757,"untreated","1/14/12","SL",2012,7.258060079,"frugivore",25.1900020060179
"520","APAP","K35",12.04,1757,"untreated","1/15/12","NF",2012,7.258060079,"nectarivore",25.1900020060179
"521","IIWI","K35",12.04,1757,"untreated","1/15/12","NF",2012,7.258060079,"nectarivore",25.1900020060179
"522","APAP","K35",12.04,1757,"untreated","1/15/12","NF",2012,7.258060079,"nectarivore",25.1900020060179
"523","HAAM","K35",12.04,1757,"untreated","1/15/12","NF",2012,7.258060079,"insectivore",25.1900020060179
"524","APAP","K5",10.54,1632,"treated","1/27/12","NF",2012,2.022604895,"nectarivore",25.6549679981287
"525","APAP","K35",12.04,1757,"untreated","1/15/12","NF",2012,7.258060079,"nectarivore",25.6900020006912
"526","APAP","K35",12.04,1757,"untreated","1/15/12","WK",2012,7.258060079,"nectarivore",25.6900020006912
"527","IIWI","K35",12.04,1757,"untreated","1/15/12","WK",2012,7.258060079,"nectarivore",26.6900019906355
